review,sentiment
"This phone is amazing, battery lasts forever and the camera is crystal clear","positive"
"Terrible product, it stopped working in just two days","negative"
"Average quality, not too bad but not great either","neutral"
"Excellent laptop, very fast and lightweight","positive"
"Waste of money, very disappointed with this purchase","negative"
"Packaging was fine, delivery was on time","neutral"
"Great sound quality and comfortable headphones","positive"
"The material feels cheap and it broke quickly","negative"
"Works as expected, nothing special","neutral"
"Absolutely love this product, highly recommend it","positive"
"Battery drains quickly and the phone overheats","negative"
"Okay product, could have been better","neutral"
"This TV has fantastic picture quality and vibrant colors","positive"
"The charger stopped working after one week","negative"
"Delivery was average, product condition was acceptable","neutral"
"Superb performance, handles all my apps smoothly","positive"
"Very poor build quality, not worth the money","negative"
"Neither bad nor excellent, just decent","neutral"
"The fragrance of this perfume is long lasting and beautiful","positive"
"Headphones are uncomfortable and sound distorted","negative"
"The service was okay, not too fast but manageable","neutral"
"This laptop boots in seconds and works flawlessly","positive"
"The washing machine makes loud noise and doesn’t clean properly","negative"
"Microwave works fine but nothing extraordinary","neutral"
"Excellent value for money, exceeded my expectations","positive"
"Screen cracked within a week of normal use","negative"
"Product is okay for the price, not premium","neutral"
"Great camera, takes sharp and clear pictures","positive"
"Customer support was unhelpful and rude","negative"
"Delivery speed was fine, packaging could be improved","neutral"
"Keyboard is comfortable and typing feels great","positive"
"Product arrived broken and unusable","negative"
"Not bad, serves the purpose decently","neutral"
"Phone design is stylish and performance is excellent","positive"
"Terrible earphones, stopped working in a month","negative"
"Product is fine, does what it says","neutral"
"Really fast processor and amazing graphics","positive"
"Very disappointing quality, feels cheap","negative"
"Product is satisfactory, neither great nor bad","neutral"
"This smartwatch is sleek, stylish, and works perfectly","positive"
"The product description was misleading and wrong","negative"
"Product is okay but overpriced","neutral"
"Best laptop I have ever used, highly efficient","positive"
"Phone lags a lot and apps crash frequently","negative"
"Performance is okay, nothing outstanding","neutral"
"Excellent speaker with loud and clear sound","positive"
"Camera quality is horrible, pictures are blurry","negative"
"Product is average, decent for the price","neutral"
"Highly durable and reliable product, very satisfied","positive"
"Keyboard stopped working after a few days","negative"
"Product is neither too good nor too bad","neutral"
"Awesome monitor with crisp resolution","positive"
"Very low battery backup, extremely disappointing","negative"
"Performance is acceptable but not special","neutral"
"Great features and smooth performance","positive"
"Very poor customer experience, not recommended","negative"
"Product is okay, works as expected","neutral"
"Amazing headphones with deep bass and comfort","positive"
"Defective product delivered, very unhappy","negative"
"Nothing impressive, just fine","neutral"
"Excellent product, exceeded my expectations","positive"
"Stopped working completely after a few days","negative"
"Quality is okay, average experience","neutral"
"Phone is lightweight and very fast","positive"
"Extremely poor quality, waste of money","negative"
"Delivery time was fine, nothing exceptional","neutral"
"Awesome build quality and smooth design","positive"
"Product broke after very little use","negative"
"Not too bad, acceptable for now","neutral"
"Great battery life and smooth user experience","positive"
"Product does not work as advertised","negative"
"Product quality is okay for the price","neutral"
"Fantastic performance, highly recommend this","positive"
"Received a faulty product, very bad experience","negative"
"Performance is okay but could improve","neutral"
"Super smooth touch and responsive screen","positive"
"Very bad sound quality, useless product","negative"
"Product is fine, nothing exceptional","neutral"
"Excellent gaming performance, runs all games smoothly","positive"
"Product is defective, very disappointed","negative"
"Not too impressive, just fine","neutral"
"Wonderful design and premium build quality","positive"
"Extremely bad durability, broke easily","negative"
"Performance is neutral, not outstanding","neutral"
"Camera is outstanding and night mode works well","positive"
"Product malfunctioned within a week","negative"
"Delivery was okay, product average","neutral"
"Really fast and efficient service","positive"
"Cheap build and bad performance","negative"
"Not great, not terrible","neutral"
"Fantastic smartwatch, great value","positive"
"Terrible battery backup and poor screen","negative"
"Product quality is acceptable, average use","neutral"
"Excellent phone, worth every penny","positive"
"Very poor microphone quality","negative"
"Product is okay, works but not special","neutral"